{"cameraMode":{"drawMode":0,"name":"Shaded","section":"Shading Mode"},"sceneLighting":true,"audioPlay":false,"sceneViewState":{"m_AlwaysRefresh":false,"showFog":true,"showSkybox":true,"showFlares":true,"showImageEffects":true,"showParticleSystems":true,"showVisualEffectGraphs":true,"m_FxEnabled":true},"in2DMode":false,"pivot":{"x":23.590730667114259,"y":-8.470145225524903,"z":13.956277847290039},"rotation":{"x":-0.22668670117855073,"y":-0.3826407492160797,"z":0.09742271155118942,"w":-0.8903414011001587},"size":28.789657592773439,"orthographic":false}