{"cameraMode":{"drawMode":0,"name":"Shaded","section":"Shading Mode"},"sceneLighting":true,"audioPlay":false,"sceneViewState":{"m_AlwaysRefresh":false,"showFog":true,"showSkybox":true,"showFlares":true,"showImageEffects":true,"showParticleSystems":true,"showVisualEffectGraphs":true,"m_FxEnabled":true},"in2DMode":false,"pivot":{"x":0.21987438201904298,"y":2.2133054733276369,"z":-5.949607849121094},"rotation":{"x":-0.2675086557865143,"y":-0.18868418037891389,"z":0.05350388213992119,"w":-0.9433841109275818},"size":8.907516479492188,"orthographic":false}