{"cameraMode":{"drawMode":0,"name":"Shaded","section":"Shading Mode"},"sceneLighting":true,"audioPlay":false,"sceneViewState":{"m_AlwaysRefresh":false,"showFog":true,"showSkybox":true,"showFlares":true,"showImageEffects":true,"showParticleSystems":true,"showVisualEffectGraphs":true,"m_FxEnabled":true},"in2DMode":false,"pivot":{"x":9.858933448791504,"y":-1.3480119705200196,"z":19.015512466430665},"rotation":{"x":-0.09863699227571488,"y":-0.1007302775979042,"z":0.01003637257963419,"w":-0.9899610877037048},"size":24.973875045776368,"orthographic":false}