{"cameraMode":{"drawMode":0,"name":"Shaded","section":"Shading Mode"},"sceneLighting":true,"audioPlay":false,"sceneViewState":{"m_AlwaysRefresh":false,"showFog":true,"showSkybox":true,"showFlares":true,"showImageEffects":true,"showParticleSystems":true,"showVisualEffectGraphs":true,"m_FxEnabled":true},"in2DMode":false,"pivot":{"x":0.35885536670684817,"y":0.9203500747680664,"z":-8.375297546386719},"rotation":{"x":-0.4778558909893036,"y":-0.016603367403149606,"z":0.00903399009257555,"w":-0.8782344460487366},"size":17.199260711669923,"orthographic":false}